t,x1,y1,z1,x2,y2,z2,dx,dy,dz,cal_x,cal_y,cal_z
1759749885.8174827,7096.61,-6697.54,769.8,-19.23,-22.84,35.82,7115.839999999999,-6720.38,805.62,7115.839999999999,-6720.38,805.62
1759749885.9103682,7096.61,-6698.75,771.5,-19.23,-22.84,36.3,7115.839999999999,-6721.59,807.8,7115.839999999999,-6721.59,807.8
1759749885.977888,7094.2,-6696.34,772.46,-19.23,-24.04,36.06,7113.429999999999,-6720.38,808.52,7113.429999999999,-6720.38,808.52
1759749886.0374463,7094.2,-6696.34,769.56,-19.23,-22.84,35.09,7113.429999999999,-6719.18,804.65,7113.429999999999,-6719.18,804.65
1759749886.1185045,7095.41,-6696.34,771.5,-19.23,-22.84,35.82,7114.639999999999,-6719.18,807.32,7114.639999999999,-6719.18,807.32
1759749886.197347,7095.41,-6697.54,773.67,-19.23,-22.84,35.82,7114.639999999999,-6720.38,809.49,7114.639999999999,-6720.38,809.49
1759749886.3170247,7094.2,-6695.14,769.32,-19.23,-22.84,35.09,7113.429999999999,-6717.9800000000005,804.4100000000001,7113.429999999999,-6717.9800000000005,804.4100000000001
1759749886.357238,7095.41,-6696.34,769.8,-19.23,-22.84,35.33,7114.639999999999,-6719.18,805.13,7114.639999999999,-6719.18,805.13
1759749886.4394944,7097.81,-6697.54,772.46,-20.43,-21.64,35.09,7118.240000000001,-6719.18,807.5500000000001,7118.240000000001,-6719.18,807.5500000000001
1759749886.5000587,7094.2,-6693.94,769.08,-21.64,-22.84,36.78,7115.84,-6716.78,805.86,7115.84,-6716.78,805.86
1759749886.5776706,7096.61,-6695.14,769.56,-20.43,-22.84,34.85,7117.04,-6717.9800000000005,804.41,7117.04,-6717.9800000000005,804.41
1759749886.657219,7094.2,-6693.94,771.98,-19.23,-22.84,37.03,7113.429999999999,-6716.78,809.01,7113.429999999999,-6716.78,809.01
1759749886.7382884,7096.61,-6695.14,768.35,-19.23,-22.84,33.88,7115.839999999999,-6717.9800000000005,802.23,7115.839999999999,-6717.9800000000005,802.23
1759749886.8583155,7094.2,-6693.94,770.53,-19.23,-24.04,35.57,7113.429999999999,-6717.98,806.1,7113.429999999999,-6717.98,806.1
1759749886.917556,7095.41,-6696.34,772.71,-19.23,-22.84,36.3,7114.639999999999,-6719.18,809.01,7114.639999999999,-6719.18,809.01
1759749886.9770868,7097.81,-6696.34,769.08,-20.43,-22.84,36.06,7118.240000000001,-6719.18,805.1400000000001,7118.240000000001,-6719.18,805.1400000000001
1759749887.0975645,7094.2,-6691.53,767.87,-20.43,-22.84,35.82,7114.63,-6714.37,803.69,7114.63,-6714.37,803.69
1759749887.1583645,7096.61,-6696.34,770.29,-20.43,-22.84,37.75,7117.04,-6719.18,808.04,7117.04,-6719.18,808.04
1759749887.2183208,7095.41,-6695.14,771.01,-20.43,-22.84,36.3,7115.84,-6717.9800000000005,807.31,7115.84,-6717.9800000000005,807.31
1759749887.278592,7094.2,-6693.94,767.14,-20.43,-21.64,36.54,7114.63,-6715.58,803.68,7114.63,-6715.58,803.68
1759749887.4583733,7095.41,-6695.14,770.29,-20.43,-22.84,35.09,7115.84,-6717.9800000000005,805.38,7115.84,-6717.9800000000005,805.38
1759749887.4706745,7094.2,-6693.94,767.38,-20.43,-21.64,35.33,7114.63,-6715.58,802.71,7114.63,-6715.58,802.71
1759749887.5173643,7095.41,-6695.14,767.62,-19.23,-21.64,35.82,7114.639999999999,-6716.780000000001,803.44,7114.639999999999,-6716.780000000001,803.44
1759749887.5782213,7090.6,-6693.94,767.87,-20.43,-22.84,34.61,7111.030000000001,-6716.78,802.48,7111.030000000001,-6716.78,802.48
1759749887.7572935,7095.41,-6692.74,768.11,-20.43,-22.84,34.36,7115.84,-6715.58,802.47,7115.84,-6715.58,802.47
1759749887.7592974,7094.2,-6693.94,766.17,-20.43,-22.84,36.78,7114.63,-6716.78,802.9499999999999,7114.63,-6716.78,802.9499999999999
1759749887.8174937,7091.8,-6692.74,766.66,-19.23,-24.04,34.12,7111.03,-6716.78,800.78,7111.03,-6716.78,800.78
1759749887.9385266,7094.2,-6693.94,767.62,-20.43,-22.84,35.82,7114.63,-6716.78,803.44,7114.63,-6716.78,803.44
1759749887.99824,7093.0,-6695.14,769.32,-21.64,-22.84,35.82,7114.64,-6717.9800000000005,805.1400000000001,7114.64,-6717.9800000000005,805.1400000000001
1759749888.0578299,7094.2,-6692.74,768.83,-19.23,-21.64,34.61,7113.429999999999,-6714.38,803.44,7113.429999999999,-6714.38,803.44
1759749888.1183023,7094.2,-6692.74,765.45,-20.43,-24.04,37.03,7114.63,-6716.78,802.48,7114.63,-6716.78,802.48
1759749888.2376013,7094.2,-6693.94,765.2,-19.23,-22.84,37.27,7113.429999999999,-6716.78,802.47,7113.429999999999,-6716.78,802.47
1759749888.2979412,7093.0,-6691.53,764.48,-20.43,-22.84,36.3,7113.43,-6714.37,800.78,7113.43,-6714.37,800.78
1759749888.3586972,7095.41,-6692.74,764.72,-21.64,-24.04,36.06,7117.05,-6716.78,800.78,7117.05,-6716.78,800.78
1759749888.5630412,7093.0,-6692.74,764.24,-19.23,-22.84,37.51,7112.23,-6715.58,801.75,7112.23,-6715.58,801.75
1759749888.5650592,7093.0,-6690.33,763.51,-20.43,-21.64,36.54,7113.43,-6711.97,800.05,7113.43,-6711.97,800.05
1759749888.6584418,7089.4,-6691.53,762.54,-20.43,-22.84,35.82,7109.83,-6714.37,798.36,7109.83,-6714.37,798.36
1759749888.6594548,7093.0,-6690.33,757.22,-20.43,-22.84,36.3,7113.43,-6713.17,793.52,7113.43,-6713.17,793.52
1759749888.7779968,7091.8,-6691.53,762.3,-20.43,-22.84,34.36,7112.2300000000005,-6714.37,796.66,7112.2300000000005,-6714.37,796.66
1759749888.8380616,7088.19,-6690.33,760.12,-19.23,-22.84,35.33,7107.419999999999,-6713.17,795.45,7107.419999999999,-6713.17,795.45
1759749888.8975775,7090.6,-6691.53,762.06,-19.23,-21.64,36.54,7109.83,-6713.17,798.5999999999999,7109.83,-6713.17,798.5999999999999
1759749889.030383,7091.8,-6690.33,755.04,-21.64,-22.84,37.99,7113.4400000000005,-6713.17,793.03,7113.4400000000005,-6713.17,793.03
1759749889.093206,7090.6,-6690.33,757.7,-20.43,-24.04,35.82,7111.030000000001,-6714.37,793.5200000000001,7111.030000000001,-6714.37,793.5200000000001
1759749889.1383524,7090.6,-6689.13,758.91,-20.43,-22.84,34.85,7111.030000000001,-6711.97,793.76,7111.030000000001,-6711.97,793.76
1759749889.1973622,7089.4,-6690.33,759.15,-20.43,-22.84,35.33,7109.83,-6713.17,794.48,7109.83,-6713.17,794.48
1759749889.3190396,7089.4,-6690.33,755.52,-21.64,-22.84,34.61,7111.04,-6713.17,790.13,7111.04,-6713.17,790.13
1759749889.377572,7088.19,-6687.93,755.04,-20.43,-22.84,36.06,7108.62,-6710.77,791.0999999999999,7108.62,-6710.77,791.0999999999999
1759749889.437857,7089.4,-6687.93,754.56,-19.23,-22.84,36.06,7108.629999999999,-6710.77,790.6199999999999,7108.629999999999,-6710.77,790.6199999999999
1759749889.5583432,7088.19,-6689.13,756.73,-20.43,-22.84,35.33,7108.62,-6711.97,792.0600000000001,7108.62,-6711.97,792.0600000000001
1759749889.6184602,7090.6,-6686.73,754.8,-21.64,-22.84,35.09,7112.240000000001,-6709.57,789.89,7112.240000000001,-6709.57,789.89
1759749889.6793125,7088.19,-6689.13,754.56,-20.43,-22.84,37.51,7108.62,-6711.97,792.0699999999999,7108.62,-6711.97,792.0699999999999
1759749889.7388964,7086.99,-6687.93,749.96,-19.23,-24.04,36.54,7106.219999999999,-6711.97,786.5,7106.219999999999,-6711.97,786.5
1759749889.8581517,7084.59,-6683.12,751.65,-20.43,-22.84,35.09,7105.02,-6705.96,786.74,7105.02,-6705.96,786.74
1759749889.9182203,7084.59,-6684.32,749.23,-19.23,-22.84,36.06,7103.82,-6707.16,785.29,7103.82,-6707.16,785.29
1759749890.040537,7086.99,-6684.32,748.51,-19.23,-22.84,36.06,7106.219999999999,-6707.16,784.5699999999999,7106.219999999999,-6707.16,784.5699999999999
1759749890.1576517,7089.4,-6684.32,750.2,-19.23,-22.84,36.78,7108.629999999999,-6707.16,786.98,7108.629999999999,-6707.16,786.98
1759749890.2170446,7084.59,-6686.73,746.57,-20.43,-24.04,37.03,7105.02,-6710.7699999999995,783.6,7105.02,-6710.7699999999995,783.6
1759749890.2776875,7086.99,-6685.52,750.44,-20.43,-24.04,37.27,7107.42,-6709.56,787.71,7107.42,-6709.56,787.71
1759749890.3979392,7085.79,-6685.52,748.26,-19.23,-22.84,35.82,7105.0199999999995,-6708.360000000001,784.08,7105.0199999999995,-6708.360000000001,784.08
1759749890.4574769,7083.39,-6684.32,747.3,-19.23,-22.84,37.03,7102.62,-6707.16,784.3299999999999,7102.62,-6707.16,784.3299999999999
1759749890.5189521,7084.59,-6684.32,746.57,-20.43,-22.84,34.61,7105.02,-6707.16,781.1800000000001,7105.02,-6707.16,781.1800000000001
1759749890.638111,7082.18,-6683.12,743.18,-20.43,-22.84,35.33,7102.610000000001,-6705.96,778.51,7102.610000000001,-6705.96,778.51
1759749890.6968167,7085.79,-6684.32,746.09,-19.23,-24.04,36.3,7105.0199999999995,-6708.36,782.39,7105.0199999999995,-6708.36,782.39
1759749890.7583532,7084.59,-6684.32,748.02,-20.43,-21.64,37.03,7105.02,-6705.96,785.05,7105.02,-6705.96,785.05
1759749890.8177648,7083.39,-6684.32,745.84,-19.23,-22.84,36.06,7102.62,-6707.16,781.9000000000001,7102.62,-6707.16,781.9000000000001
1759749890.9380755,7080.98,-6680.72,742.46,-19.23,-24.04,36.06,7100.209999999999,-6704.76,778.52,7100.209999999999,-6704.76,778.52
1759749890.9983428,7082.18,-6684.32,744.15,-19.23,-22.84,35.09,7101.41,-6707.16,779.24,7101.41,-6707.16,779.24
1759749891.1188693,7085.79,-6686.73,747.78,-21.64,-22.84,35.09,7107.43,-6709.57,782.87,7107.43,-6709.57,782.87
1759749891.1208675,7083.39,-6684.32,743.18,-19.23,-22.84,37.27,7102.62,-6707.16,780.4499999999999,7102.62,-6707.16,780.4499999999999
1759749891.2382112,7082.18,-6684.32,743.42,-20.43,-24.04,36.3,7102.610000000001,-6708.36,779.7199999999999,7102.610000000001,-6708.36,779.7199999999999
1759749891.2991178,7079.78,-6681.92,738.58,-20.43,-22.84,36.54,7100.21,-6704.76,775.12,7100.21,-6704.76,775.12
1759749891.3578956,7082.18,-6683.12,741.0,-20.43,-24.04,37.03,7102.610000000001,-6707.16,778.03,7102.610000000001,-6707.16,778.03
1759749891.4784744,7080.98,-6683.12,742.21,-19.23,-24.04,34.36,7100.209999999999,-6707.16,776.57,7100.209999999999,-6707.16,776.57
1759749891.5384905,7080.98,-6681.92,736.65,-20.43,-22.84,34.36,7101.41,-6704.76,771.01,7101.41,-6704.76,771.01
1759749891.5978491,7080.98,-6683.12,741.0,-20.43,-22.84,35.09,7101.41,-6705.96,776.09,7101.41,-6705.96,776.09
1759749891.657824,7080.98,-6683.12,739.07,-20.43,-21.64,33.64,7101.41,-6704.76,772.71,7101.41,-6704.76,772.71
1759749891.7775767,7083.39,-6681.92,740.04,-20.43,-22.84,35.57,7103.820000000001,-6704.76,775.61,7103.820000000001,-6704.76,775.61
1759749891.8379252,7082.18,-6681.92,741.49,-19.23,-24.04,35.33,7101.41,-6705.96,776.82,7101.41,-6705.96,776.82
1759749891.8980443,7083.39,-6683.12,736.65,-20.43,-24.04,35.57,7103.820000000001,-6707.16,772.22,7103.820000000001,-6707.16,772.22
1759749892.0183887,7083.39,-6683.12,738.83,-20.43,-22.84,36.06,7103.820000000001,-6705.96,774.8900000000001,7103.820000000001,-6705.96,774.8900000000001
1759749892.0785418,7082.18,-6681.92,739.79,-20.43,-22.84,34.12,7102.610000000001,-6704.76,773.91,7102.610000000001,-6704.76,773.91
1759749892.138294,7082.18,-6681.92,737.62,-20.43,-22.84,35.33,7102.610000000001,-6704.76,772.95,7102.610000000001,-6704.76,772.95
1759749892.1982288,7082.18,-6679.51,737.86,-20.43,-24.04,35.82,7102.610000000001,-6703.55,773.6800000000001,7102.610000000001,-6703.55,773.6800000000001
1759749892.338502,7080.98,-6683.12,738.83,-20.43,-22.84,35.33,7101.41,-6705.96,774.1600000000001,7101.41,-6705.96,774.1600000000001
1759749892.3779771,7079.78,-6681.92,738.83,-20.43,-22.84,33.88,7100.21,-6704.76,772.71,7100.21,-6704.76,772.71
1759749892.497498,7082.18,-6681.92,733.99,-20.43,-21.64,34.36,7102.610000000001,-6703.56,768.35,7102.610000000001,-6703.56,768.35
1759749892.618158,7079.78,-6681.92,738.58,-21.64,-22.84,35.09,7101.42,-6704.76,773.6700000000001,7101.42,-6704.76,773.6700000000001
1759749892.6201637,7080.98,-6680.72,735.2,-20.43,-22.84,34.85,7101.41,-6703.56,770.0500000000001,7101.41,-6703.56,770.0500000000001
1759749892.6786745,7080.98,-6681.92,737.62,-20.43,-22.84,37.03,7101.41,-6704.76,774.65,7101.41,-6704.76,774.65
1759749892.7387052,7079.78,-6680.72,737.13,-19.23,-22.84,33.88,7099.009999999999,-6703.56,771.01,7099.009999999999,-6703.56,771.01
1759749892.8578815,7080.98,-6677.11,730.6,-20.43,-22.84,35.82,7101.41,-6699.95,766.4200000000001,7101.41,-6699.95,766.4200000000001
1759749892.9784095,7079.78,-6679.51,737.13,-19.23,-22.84,35.09,7099.009999999999,-6702.35,772.22,7099.009999999999,-6702.35,772.22
1759749893.098191,7079.78,-6679.51,737.62,-20.43,-22.84,34.36,7100.21,-6702.35,771.98,7100.21,-6702.35,771.98
1759749893.1575823,7080.98,-6681.92,737.13,-21.64,-22.84,35.57,7102.62,-6704.76,772.7,7102.62,-6704.76,772.7
1759749893.2771986,7080.98,-6681.92,733.99,-19.23,-21.64,35.57,7100.209999999999,-6703.56,769.5600000000001,7100.209999999999,-6703.56,769.5600000000001
1759749893.2792892,7079.78,-6680.72,733.5,-20.43,-21.64,34.12,7100.21,-6702.360000000001,767.62,7100.21,-6702.360000000001,767.62
1759749893.398141,7079.78,-6679.51,736.16,-20.43,-22.84,34.61,7100.21,-6702.35,770.77,7100.21,-6702.35,770.77
1759749893.458567,7077.38,-6681.92,730.84,-19.23,-22.84,35.09,7096.61,-6704.76,765.9300000000001,7096.61,-6704.76,765.9300000000001
1759749893.5186083,7078.58,-6679.51,730.11,-19.23,-24.04,36.54,7097.8099999999995,-6703.55,766.65,7097.8099999999995,-6703.55,766.65
1759749893.6373217,7079.78,-6679.51,732.05,-20.43,-22.84,36.06,7100.21,-6702.35,768.1099999999999,7100.21,-6702.35,768.1099999999999
1759749893.6983054,7076.17,-6680.72,734.47,-19.23,-22.84,35.09,7095.4,-6703.56,769.5600000000001,7095.4,-6703.56,769.5600000000001
1759749893.7578516,7078.58,-6678.31,731.32,-20.43,-22.84,35.09,7099.01,-6701.150000000001,766.4100000000001,7099.01,-6701.150000000001,766.4100000000001
1759749893.8182988,7078.58,-6678.31,733.74,-20.43,-22.84,34.61,7099.01,-6701.150000000001,768.35,7099.01,-6701.150000000001,768.35
1759749893.9378564,7077.38,-6679.51,728.9,-19.23,-22.84,35.82,7096.61,-6702.35,764.72,7096.61,-6702.35,764.72
1759749893.9976947,7078.58,-6678.31,730.84,-20.43,-22.84,34.61,7099.01,-6701.150000000001,765.45,7099.01,-6701.150000000001,765.45
1759749894.0579617,7074.97,-6677.11,724.79,-20.43,-24.04,35.57,7095.400000000001,-6701.15,760.36,7095.400000000001,-6701.15,760.36
1759749894.1778495,7076.17,-6678.31,726.24,-19.23,-24.04,37.03,7095.4,-6702.35,763.27,7095.4,-6702.35,763.27
1759749894.2388222,7077.38,-6679.51,730.6,-19.23,-22.84,34.85,7096.61,-6702.35,765.45,7096.61,-6702.35,765.45
1759749894.3582423,7079.78,-6678.31,732.78,-20.43,-24.04,35.09,7100.21,-6702.35,767.87,7100.21,-6702.35,767.87
1759749894.360242,7076.17,-6679.51,731.57,-20.43,-22.84,35.82,7096.6,-6702.35,767.3900000000001,7096.6,-6702.35,767.3900000000001
1759749894.479161,7076.17,-6677.11,728.9,-20.43,-22.84,34.12,7096.6,-6699.95,763.02,7096.6,-6699.95,763.02
1759749894.5987568,7076.17,-6678.31,727.69,-20.43,-22.84,35.33,7096.6,-6701.150000000001,763.0200000000001,7096.6,-6701.150000000001,763.0200000000001
1759749894.717576,7077.38,-6677.11,727.94,-19.23,-21.64,34.85,7096.61,-6698.75,762.7900000000001,7096.61,-6698.75,762.7900000000001
1759749894.7785928,7077.38,-6678.31,726.97,-20.43,-22.84,35.09,7097.81,-6701.150000000001,762.0600000000001,7097.81,-6701.150000000001,762.0600000000001
1759749894.8396327,7074.97,-6677.11,723.58,-20.43,-22.84,36.3,7095.400000000001,-6699.95,759.88,7095.400000000001,-6699.95,759.88
1759749894.8993866,7073.77,-6675.91,727.21,-19.23,-22.84,35.33,7093.0,-6698.75,762.5400000000001,7093.0,-6698.75,762.5400000000001
1759749895.017595,7073.77,-6675.91,725.76,-20.43,-24.04,35.33,7094.200000000001,-6699.95,761.09,7094.200000000001,-6699.95,761.09
1759749895.0778165,7076.17,-6677.11,726.97,-19.23,-24.04,34.85,7095.4,-6701.15,761.82,7095.4,-6701.15,761.82
1759749895.198234,7073.77,-6675.91,724.06,-19.23,-22.84,34.85,7093.0,-6698.75,758.91,7093.0,-6698.75,758.91
1759749895.3184307,7072.57,-6675.91,725.27,-19.23,-24.04,35.09,7091.799999999999,-6699.95,760.36,7091.799999999999,-6699.95,760.36
1759749895.377729,7074.97,-6674.71,723.82,-20.43,-22.84,33.4,7095.400000000001,-6697.55,757.22,7095.400000000001,-6697.55,757.22
1759749895.440302,7076.17,-6677.11,724.55,-19.23,-22.84,35.09,7095.4,-6699.95,759.64,7095.4,-6699.95,759.64
1759749895.5576065,7074.97,-6675.91,725.52,-19.23,-21.64,35.57,7094.2,-6697.55,761.09,7094.2,-6697.55,761.09
1759749895.619151,7077.38,-6677.11,722.37,-20.43,-24.04,36.06,7097.81,-6701.15,758.4300000000001,7097.81,-6701.15,758.4300000000001
1759749895.738177,7073.77,-6672.3,723.34,-19.23,-22.84,37.27,7093.0,-6695.14,760.61,7093.0,-6695.14,760.61
1759749895.9171534,7073.77,-6675.91,724.55,-20.43,-22.84,35.33,7094.200000000001,-6698.75,759.88,-13.726744186044016,11.821627906975664,-29.603255813953638
1759749895.9191535,7073.77,-6675.91,714.38,-20.43,-22.84,34.61,7094.200000000001,-6698.75,748.99,-13.726744186044016,11.821627906975664,-40.493255813953624
1759749895.977994,7074.97,-6674.71,722.85,-20.43,-22.84,37.51,7095.400000000001,-6697.55,760.36,-12.526744186044198,13.021627906975482,-29.12325581395362
1759749896.0986648,7073.77,-6675.91,723.58,-20.43,-24.04,33.15,7094.200000000001,-6699.95,756.73,-13.726744186044016,10.621627906975846,-32.753255813953615
1759749896.1579053,7074.97,-6675.91,720.68,-20.43,-22.84,35.09,7095.400000000001,-6698.75,755.77,-12.526744186044198,11.821627906975664,-33.71325581395365
1759749896.2782826,7073.77,-6677.11,725.03,-19.23,-22.84,35.33,7093.0,-6699.95,760.36,-14.926744186044743,10.621627906975846,-29.12325581395362
1759749896.2805233,7072.57,-6673.5,723.34,-20.43,-22.84,36.06,7093.0,-6696.34,759.4000000000001,-14.926744186044743,14.231627906975518,-30.083255813953542
1759749896.3984656,7073.77,-6677.11,723.34,-20.43,-24.04,35.09,7094.200000000001,-6701.15,758.4300000000001,-13.726744186044016,9.421627906976028,-31.05325581395357
1759749896.4590237,7073.77,-6675.91,725.27,-20.43,-22.84,35.57,7094.200000000001,-6698.75,760.84,-13.726744186044016,11.821627906975664,-28.6432558139536
1759749896.517995,7072.57,-6677.11,720.43,-21.64,-24.04,35.33,7094.21,-6701.15,755.76,-13.716744186044707,9.421627906976028,-33.72325581395364
1759749896.6385686,7076.17,-6677.11,722.13,-20.43,-24.04,36.54,7096.6,-6701.15,758.67,-11.32674418604438,9.421627906976028,-30.813255813953674
1759749896.6988177,7072.57,-6675.91,723.82,-20.43,-21.64,35.57,7093.0,-6697.55,759.3900000000001,-14.926744186044743,13.021627906975482,-30.093255813953533
1759749896.7589736,7074.97,-6674.71,724.06,-20.43,-22.84,37.03,7095.400000000001,-6697.55,761.0899999999999,-12.526744186044198,13.021627906975482,-28.393255813953715
1759749896.8192697,7073.77,-6675.91,723.58,-21.64,-22.84,35.33,7095.410000000001,-6698.75,758.9100000000001,-12.51674418604398,11.821627906975664,-30.57325581395355
1759749896.9979782,7074.97,-6675.91,722.13,-20.43,-22.84,35.09,7095.400000000001,-6698.75,757.22,-12.526744186044198,11.821627906975664,-32.263255813953606
1759749896.9999783,7071.37,-6675.91,722.13,-21.64,-22.84,35.33,7093.01,-6698.75,757.46,-14.916744186044525,11.821627906975664,-32.0232558139536
1759749897.0579119,7076.17,-6675.91,722.13,-20.43,-22.84,34.85,7096.6,-6698.75,756.98,-11.32674418604438,11.821627906975664,-32.503255813953615
1759749897.1786144,7076.17,-6675.91,723.34,-20.43,-24.04,35.33,7096.6,-6699.95,758.6700000000001,-11.32674418604438,10.621627906975846,-30.81325581395356
1759749897.2388253,7070.16,-6672.3,717.05,-20.43,-24.04,36.3,7090.59,-6696.34,753.3499999999999,-17.336744186044598,14.231627906975518,-36.133255813953724
1759749897.2995539,7071.37,-6673.5,719.95,-19.23,-22.84,35.33,7090.599999999999,-6696.34,755.2800000000001,-17.32674418604529,14.231627906975518,-34.20325581395355
1759749897.3585,7073.77,-6675.91,724.55,-21.64,-22.84,35.09,7095.410000000001,-6698.75,759.64,-12.51674418604398,11.821627906975664,-29.843255813953647
1759749897.4787164,7073.77,-6674.71,720.43,-20.43,-22.84,33.88,7094.200000000001,-6697.55,754.31,-13.726744186044016,13.021627906975482,-35.17325581395369
1759749897.5381267,7072.57,-6674.71,719.47,-20.43,-22.84,35.57,7093.0,-6697.55,755.0400000000001,-14.926744186044743,13.021627906975482,-34.443255813953556
1759749897.5978734,7072.57,-6674.71,719.71,-19.23,-22.84,34.36,7091.799999999999,-6697.55,754.07,-16.12674418604547,13.021627906975482,-35.41325581395358
1759749897.718139,7071.37,-6674.71,720.19,-19.23,-22.84,35.09,7090.599999999999,-6697.55,755.2800000000001,-17.32674418604529,13.021627906975482,-34.20325581395355
1759749897.7788055,7070.16,-6671.1,712.45,-20.43,-24.04,36.54,7090.59,-6695.14,748.99,-17.336744186044598,15.431627906975336,-40.493255813953624
1759749897.8394144,7071.37,-6674.71,720.68,-19.23,-24.04,35.82,7090.599999999999,-6698.75,756.5,-17.32674418604529,11.821627906975664,-32.98325581395363
1759749897.8978088,7073.77,-6671.1,713.9,-20.43,-22.84,35.33,7094.200000000001,-6693.9400000000005,749.23,-13.726744186044016,16.631627906975154,-40.253255813953615
1759749898.0181806,7070.16,-6673.5,718.98,-20.43,-22.84,34.85,7090.59,-6696.34,753.83,-17.336744186044598,14.231627906975518,-35.65325581395359
1759749898.1386359,7070.16,-6673.5,714.63,-20.43,-22.84,36.06,7090.59,-6696.34,750.69,-17.336744186044598,14.231627906975518,-38.79325581395358
1759749898.1407123,7071.37,-6673.5,718.5,-20.43,-24.04,36.3,7091.8,-6697.54,754.8,-16.12674418604456,13.0316279069757,-34.68325581395368
1759749898.2576032,7071.37,-6675.91,714.87,-20.43,-22.84,33.4,7091.8,-6698.75,748.27,-16.12674418604456,11.821627906975664,-41.21325581395365
1759749898.3789573,7072.57,-6673.5,715.11,-19.23,-22.84,34.12,7091.799999999999,-6696.34,749.23,-16.12674418604547,14.231627906975518,-40.253255813953615
1759749898.3814964,7071.37,-6674.71,715.84,-20.43,-22.84,34.12,7091.8,-6697.55,749.96,-16.12674418604456,13.021627906975482,-39.5232558139536
1759749898.5002296,7071.37,-6672.3,717.53,-20.43,-21.64,35.33,7091.8,-6693.9400000000005,752.86,-16.12674418604456,16.631627906975154,-36.62325581395362
1759749898.558197,7068.96,-6671.1,713.9,-20.43,-22.84,36.3,7089.39,-6693.9400000000005,750.1999999999999,-18.536744186044416,16.631627906975154,-39.2832558139537
1759749898.639185,7071.37,-6672.3,717.29,-19.23,-24.04,34.12,7090.599999999999,-6696.34,751.41,-17.32674418604529,14.231627906975518,-38.073255813953665
1759749898.677724,7070.16,-6671.1,715.11,-20.43,-22.84,33.88,7090.59,-6693.9400000000005,748.99,-17.336744186044598,16.631627906975154,-40.493255813953624
1759749898.7977521,7070.16,-6674.71,716.08,-20.43,-24.04,33.64,7090.59,-6698.75,749.72,-17.336744186044598,11.821627906975664,-39.763255813953606
1759749898.8593574,7072.57,-6673.5,719.22,-20.43,-22.84,33.88,7093.0,-6696.34,753.1,-14.926744186044743,14.231627906975518,-36.38325581395361
1759749898.9194996,7071.37,-6672.3,715.59,-19.23,-24.04,34.12,7090.599999999999,-6696.34,749.71,-17.32674418604529,14.231627906975518,-39.7732558139536
1759749898.978581,7070.16,-6673.5,713.9,-20.43,-22.84,35.09,7090.59,-6696.34,748.99,-17.336744186044598,14.231627906975518,-40.493255813953624
1759749899.098762,7070.16,-6671.1,713.17,-20.43,-22.84,34.85,7090.59,-6693.9400000000005,748.02,-17.336744186044598,16.631627906975154,-41.46325581395365
1759749899.157921,7070.16,-6672.3,713.42,-19.23,-24.04,33.88,7089.389999999999,-6696.34,747.3,-18.536744186045325,14.231627906975518,-42.18325581395368
1759749899.2192469,7068.96,-6672.3,711.96,-19.23,-22.84,34.36,7088.19,-6695.14,746.32,-19.736744186045144,15.431627906975336,-43.16325581395358
1759749899.3382604,7071.37,-6671.1,714.14,-20.43,-22.84,34.12,7091.8,-6693.9400000000005,748.26,-16.12674418604456,16.631627906975154,-41.22325581395364
1759749899.3994222,7067.76,-6668.7,717.05,-19.23,-22.84,34.85,7086.99,-6691.54,751.9,-20.93674418604496,19.0316279069757,-37.583255813953656
1759749899.4589965,7071.37,-6671.1,711.72,-20.43,-24.04,34.85,7091.8,-6695.14,746.57,-16.12674418604456,15.431627906975336,-42.91325581395358
1759749899.518008,7068.96,-6671.1,714.14,-20.43,-22.84,35.33,7089.39,-6693.9400000000005,749.47,-18.536744186044416,16.631627906975154,-40.013255813953606
1759749899.6380572,7070.16,-6673.5,713.42,-19.23,-22.84,34.36,7089.389999999999,-6696.34,747.78,-18.536744186045325,14.231627906975518,-41.70325581395366
1759749899.6976738,7070.16,-6672.3,715.59,-19.23,-24.04,34.61,7089.389999999999,-6696.34,750.2,-18.536744186045325,14.231627906975518,-39.28325581395359
1759749899.7583725,7070.16,-6673.5,718.01,-20.43,-22.84,34.12,7090.59,-6696.34,752.13,-17.336744186044598,14.231627906975518,-37.35325581395364
1759749899.876922,7070.16,-6673.5,716.32,-20.43,-22.84,34.61,7090.59,-6696.34,750.9300000000001,-17.336744186044598,14.231627906975518,-38.55325581395357
1759749899.9380965,7067.76,-6672.3,711.72,-20.43,-24.04,35.82,7088.1900000000005,-6696.34,747.5400000000001,-19.736744186044234,14.231627906975518,-41.943255813953556
1759749899.998903,7067.76,-6671.1,714.87,-20.43,-22.84,35.33,7088.1900000000005,-6693.9400000000005,750.2,-19.736744186044234,16.631627906975154,-39.28325581395359
1759749900.0580962,7068.96,-6671.1,712.69,-20.43,-24.04,34.12,7089.39,-6695.14,746.8100000000001,-18.536744186044416,15.431627906975336,-42.673255813953574
1759749900.1773288,7070.16,-6671.1,714.87,-20.43,-24.04,35.57,7090.59,-6695.14,750.44,-17.336744186044598,15.431627906975336,-39.04325581395358
1759749900.2386901,7070.16,-6672.3,716.56,-20.43,-22.84,35.33,7090.59,-6695.14,751.89,-17.336744186044598,15.431627906975336,-37.59325581395365
1759749900.2988572,7068.96,-6673.5,713.66,-20.43,-22.84,35.33,7089.39,-6696.34,748.99,-18.536744186044416,14.231627906975518,-40.493255813953624
1759749900.358175,7066.56,-6671.1,711.0,-19.23,-22.84,35.33,7085.79,-6693.9400000000005,746.33,-22.13674418604478,16.631627906975154,-43.15325581395359
1759749900.4786372,7070.16,-6671.1,711.0,-20.43,-22.84,35.09,7090.59,-6693.9400000000005,746.09,-17.336744186044598,16.631627906975154,-43.3932558139536
1759749900.5980988,7070.16,-6671.1,712.21,-20.43,-24.04,34.36,7090.59,-6695.14,746.57,-17.336744186044598,15.431627906975336,-42.91325581395358
1759749900.7183535,7068.96,-6671.1,712.45,-20.43,-22.84,35.09,7089.39,-6693.9400000000005,747.5400000000001,-18.536744186044416,16.631627906975154,-41.943255813953556
1759749900.7778502,7068.96,-6671.1,712.93,-19.23,-22.84,34.61,7088.19,-6693.9400000000005,747.54,-19.736744186045144,16.631627906975154,-41.94325581395367
1759749900.8382711,7067.76,-6668.7,707.85,-20.43,-22.84,35.57,7088.1900000000005,-6691.54,743.4200000000001,-19.736744186044234,19.0316279069757,-46.06325581395356
1759749900.898267,7067.76,-6668.7,709.3,-20.43,-22.84,35.09,7088.1900000000005,-6691.54,744.39,-19.736744186044234,19.0316279069757,-45.09325581395365
